{
  "model": "cnn",
  "total_training_time_minutes": 109.34614276488622,
  "n_patients": 48,
  "n_splits": 5,
  "completed_folds": 5,
  "skipped_folds": 0,
  "summary": {
    "accuracy": {
      "mean": 0.8956312168940418,
      "std": 0.003522423307032763,
      "values": [
        0.8932389482808437,
        0.8938168159491476,
        0.8946836174516036,
        0.8938014737754659,
        0.9026152290131484
      ]
    },
    "balanced_accuracy": {
      "mean": 0.8801179167442734,
      "std": 0.0060612834090466566,
      "values": [
        0.8761803629687464,
        0.8901465793273795,
        0.8784683882815951,
        0.8726515275710571,
        0.8831427255725888
      ]
    },
    "f1": {
      "mean": 0.8587514922298825,
      "std": 0.005770510138472004,
      "values": [
        0.8543842364532019,
        0.8660958280196757,
        0.8570307903510492,
        0.8514251061249242,
        0.8648215002005616
      ]
    },
    "precision": {
      "mean": 0.9200810563397009,
      "std": 0.03309484804083918,
      "values": [
        0.9217687074829932,
        0.8593637020968908,
        0.9196127946127947,
        0.9469424460431655,
        0.9527176314626602
      ]
    },
    "recall": {
      "mean": 0.8073448402497245,
      "std": 0.0341898960700498,
      "values": [
        0.7961806830701432,
        0.872934263679765,
        0.8024237972824091,
        0.7734116782959971,
        0.7917737789203085
      ]
    },
    "auc": {
      "mean": 0.9549772446473505,
      "std": 0.006353265348818257,
      "values": [
        0.9485658714012754,
        0.9602970191125898,
        0.9461682157329486,
        0.9582240340739001,
        0.961631082916038
      ]
    },
    "sensitivity": {
      "mean": 0.8073448402497245,
      "std": 0.0341898960700498,
      "values": [
        0.7961806830701432,
        0.872934263679765,
        0.8024237972824091,
        0.7734116782959971,
        0.7917737789203085
      ]
    },
    "specificity": {
      "mean": 0.9528909932388222,
      "std": 0.02414576151430383,
      "values": [
        0.9561800428673494,
        0.907358894974994,
        0.9545129792807812,
        0.9718913768461171,
        0.974511672224869
      ]
    }
  },
  "fold_details": [
    {
      "fold": 1,
      "skipped": false,
      "train_patients": [
        "100",
        "101",
        "102",
        "103",
        "104",
        "105",
        "106",
        "107",
        "108",
        "109",
        "111",
        "112",
        "113",
        "114",
        "115",
        "116",
        "117",
        "118",
        "119",
        "121",
        "122",
        "123",
        "124",
        "200",
        "201",
        "202",
        "203",
        "205",
        "207",
        "208",
        "209",
        "210",
        "212",
        "213",
        "214",
        "215",
        "217",
        "219",
        "220",
        "221",
        "222",
        "223",
        "228",
        "230",
        "231",
        "232",
        "233",
        "234"
      ],
      "test_patients": [
        "100",
        "101",
        "102",
        "103",
        "104",
        "105",
        "106",
        "107",
        "108",
        "109",
        "111",
        "112",
        "113",
        "114",
        "115",
        "116",
        "117",
        "118",
        "119",
        "121",
        "122",
        "123",
        "124",
        "200",
        "201",
        "202",
        "203",
        "205",
        "207",
        "208",
        "209",
        "210",
        "212",
        "213",
        "214",
        "215",
        "217",
        "219",
        "220",
        "221",
        "222",
        "223",
        "228",
        "230",
        "231",
        "232",
        "233",
        "234"
      ],
      "training_time_minutes": 21.121497150262197,
      "metrics": {
        "accuracy": 0.8932389482808437,
        "balanced_accuracy": 0.8761803629687464,
        "f1": 0.8543842364532019,
        "auc": 0.9485658714012754,
        "sensitivity": 0.7961806830701432,
        "specificity": 0.9561800428673494
      },
      "confusion_matrix": [
        [
          4015,
          184
        ],
        [
          555,
          2168
        ]
      ]
    },
    {
      "fold": 2,
      "skipped": false,
      "train_patients": [
        "100",
        "101",
        "102",
        "103",
        "104",
        "105",
        "106",
        "107",
        "108",
        "109",
        "111",
        "112",
        "113",
        "114",
        "115",
        "116",
        "117",
        "118",
        "119",
        "121",
        "122",
        "123",
        "124",
        "200",
        "201",
        "202",
        "203",
        "205",
        "207",
        "208",
        "209",
        "210",
        "212",
        "213",
        "214",
        "215",
        "217",
        "219",
        "220",
        "221",
        "222",
        "223",
        "228",
        "230",
        "231",
        "232",
        "233",
        "234"
      ],
      "test_patients": [
        "100",
        "101",
        "102",
        "103",
        "104",
        "105",
        "106",
        "107",
        "108",
        "109",
        "111",
        "112",
        "113",
        "114",
        "115",
        "116",
        "117",
        "118",
        "119",
        "121",
        "122",
        "123",
        "124",
        "200",
        "201",
        "202",
        "203",
        "205",
        "207",
        "208",
        "209",
        "210",
        "212",
        "213",
        "214",
        "215",
        "217",
        "219",
        "220",
        "221",
        "222",
        "223",
        "228",
        "230",
        "231",
        "232",
        "233",
        "234"
      ],
      "training_time_minutes": 20.5260778148969,
      "metrics": {
        "accuracy": 0.8938168159491476,
        "balanced_accuracy": 0.8901465793273795,
        "f1": 0.8660958280196757,
        "auc": 0.9602970191125898,
        "sensitivity": 0.872934263679765,
        "specificity": 0.907358894974994
      },
      "confusion_matrix": [
        [
          3810,
          389
        ],
        [
          346,
          2377
        ]
      ]
    },
    {
      "fold": 3,
      "skipped": false,
      "train_patients": [
        "100",
        "101",
        "102",
        "103",
        "104",
        "105",
        "106",
        "107",
        "108",
        "109",
        "111",
        "112",
        "113",
        "114",
        "115",
        "116",
        "117",
        "118",
        "119",
        "121",
        "122",
        "123",
        "124",
        "200",
        "201",
        "202",
        "203",
        "205",
        "207",
        "208",
        "209",
        "210",
        "212",
        "213",
        "214",
        "215",
        "217",
        "219",
        "220",
        "221",
        "222",
        "223",
        "228",
        "230",
        "231",
        "232",
        "233",
        "234"
      ],
      "test_patients": [
        "100",
        "101",
        "102",
        "103",
        "104",
        "105",
        "106",
        "107",
        "108",
        "109",
        "111",
        "112",
        "113",
        "114",
        "115",
        "116",
        "117",
        "118",
        "119",
        "121",
        "122",
        "123",
        "124",
        "200",
        "201",
        "202",
        "203",
        "205",
        "207",
        "208",
        "209",
        "210",
        "212",
        "213",
        "214",
        "215",
        "217",
        "219",
        "220",
        "221",
        "222",
        "223",
        "228",
        "230",
        "231",
        "232",
        "233",
        "234"
      ],
      "training_time_minutes": 22.028771829605102,
      "metrics": {
        "accuracy": 0.8946836174516036,