{
  "model": "fast_lstm",
  "total_training_time_minutes": 221.81433659791946,
  "n_patients": 48,
  "n_splits": 5,
  "completed_folds": 5,
  "skipped_folds": 0,
  "summary": {
    "accuracy": {
      "mean": 0.7161072584373555,
      "std": 0.08008712237681243,
      "values": [
        0.8502080443828016,
        0.6375404530744336,
        0.6343966712898752,
        0.7080443828016644,
        0.7503467406380028
      ]
    },
    "balanced_accuracy": {
      "mean": 0.6735789545878219,
      "std": 0.10568999637245224,
      "values": [
        0.8197653821484777,
        0.6454006078407384,
        0.5280343777069073,
        0.6094850402111754,
        0.7652093650318101
      ]
    },
    "f1": {
      "mean": 0.5251381527478205,
      "std": 0.24361049953277084,
      "values": [
        0.781021897810219,
        0.6029709655638082,
        0.12888301387970919,
        0.37444279346210996,
        0.7383720930232558
      ]
    },
    "precision": {
      "mean": 0.7548960594854175,
      "std": 0.1495706994716136,
      "values": [
        0.9515810276679841,
        0.5382760699216396,
        0.752895752895753,
        0.8798882681564246,
        0.6518391787852865
      ]
    },
    "recall": {
      "mean": 0.5014696131378353,
      "std": 0.29576801347406717,
      "values": [
        0.6623108665749656,
        0.6853415195702226,
        0.070473436935309,
        0.23782559456398641,
        0.8513966480446927
      ]
    },
    "auc": {
      "mean": 0.7014721703828564,
      "std": 0.1246602554170543,
      "values": [
        0.8291611032135656,
        0.7086071802051922,
        0.5012131743684063,
        0.6364630735628581,
        0.8319163205642595
      ]
    },
    "sensitivity": {
      "mean": 0.5014696131378353,
      "std": 0.29576801347406717,
      "values": [
        0.6623108665749656,
        0.6853415195702226,
        0.070473436935309,
        0.23782559456398641,
        0.8513966480446927
      ]
    },
    "specificity": {
      "mean": 0.8456882960378083,
      "std": 0.16775596779166474,
      "values": [
        0.9772198977219898,
        0.6054596961112542,
        0.9855953184785056,
        0.9811444858583644,
        0.6790220820189274
      ]
    }
  },
  "fold_details": [
    {
      "fold": 1,
      "skipped": false,
      "train_patients": [
        "100",
        "101",
        "102",
        "103",
        "104",
        "105",
        "106",
        "108",
        "109",
        "111",
        "113",
        "114",
        "115",
        "117",
        "118",
        "119",
        "121",
        "122",
        "124",
        "200",
        "201",
        "203",
        "205",
        "207",
        "208",
        "209",
        "210",
        "212",
        "213",
        "215",
        "217",
        "219",
        "220",
        "222",
        "230",
        "231",
        "232",
        "233"
      ],
      "test_patients": [
        "107",
        "112",
        "116",
        "123",
        "202",
        "214",
        "221",
        "223",
        "228",
        "234"
      ],
      "training_time_minutes": 36.794195636113486,
      "metrics": {
        "accuracy": 0.8502080443828016,
        "balanced_accuracy": 0.8197653821484777,
        "f1": 0.781021897810219,
        "auc": 0.8291611032135656,
        "sensitivity": 0.6623108665749656,
        "specificity": 0.9772198977219898
      },
      "confusion_matrix": [
        [
          4204,
          98
        ],
        [
          982,
          1926
        ]
      ]
    },
    {
      "fold": 2,
      "skipped": false,
      "train_patients": [
        "100",
        "101",
        "102",
        "103",
        "104",
        "105",
        "106",
        "107",
        "108",
        "109",
        "111",
        "112",
        "113",
        "114",
        "115",
        "116",
        "117",
        "118",
        "119",
        "121",
        "123",
        "200",
        "202",
        "203",
        "205",
        "209",
        "210",
        "213",
        "214",
        "215",
        "217",
        "219",
        "221",
        "222",
        "223",
        "228",
        "230",
        "232",
        "234"
      ],
      "test_patients": [
        "122",
        "124",
        "201",
        "207",
        "208",
        "212",
        "220",
        "231",
        "233"
      ],
      "training_time_minutes": 31.167843619982403,
      "metrics": {
        "accuracy": 0.6375404530744336,
        "balanced_accuracy": 0.6454006078407384,
        "f1": 0.6029709655638082,
        "auc": 0.7086071802051922,
        "sensitivity": 0.6853415195702226,
        "specificity": 0.6054596961112542
      },
      "confusion_matrix": [
        [
          2351,
          1532
        ],
        [
          820,
          1786
        ]
      ]
    },
    {
      "fold": 3,
      "skipped": false,
      "train_patients": [
        "100",
        "101",
        "102",
        "103",
        "106",
        "107",
        "108",
        "109",
        "112",
        "115",
        "116",
        "117",
        "118",
        "119",
        "121",
        "122",
        "123",
        "124",
        "200",
        "201",
        "202",
        "203",
        "207",
        "208",
        "209",
        "212",
        "213",
        "214",
        "215",
        "217",
        "219",
        "220",
        "221",
        "223",
        "228",
        "231",
        "233",
        "234"
      ],
      "test_patients": [
        "104",
        "105",
        "111",
        "113",
        "114",
        "205",
        "210",
        "222",
        "230",
        "232"
      ],
      "training_time_minutes": 29.40815588235855,
      "metrics": {
        "accuracy": 0.6343966712898752,
        "balanced_accuracy": 0.5280343777069073,
        "f1": 0.12888301387970919,
        "auc": 0.5012131743684063,
        "sensitivity": 0.070473436935309,
        "specificity": 0.9855953184785056
      },
      "confusion_matrix": [
        [
          4379,
          64
        ],
        [
          2572,
          195
        ]
      ]
    },
    {
      "fold": 4,
      "skipped": false,
      "train_patients": [
        "100",
        "103",
        "104",
        "105",
        "107",
        "109",
        "111",
        "112",
        "113",
        "114",
        "115",
        "116",
        "119",
        "122",
        "123",
        "124",
        "201",
        "202",
        "203",
        "205",
        "207",
        "208",
        "209",
        "210",
        "212",
        "213",
        "214",
        "217",
        "220",
        "221",
        "222",
        "223",
        "228",
        "230",
        "231",
        "232",
        "233",
        "234"
      ],
      "test_patients": [
        "101",
        "102",
        "106",
        "108",
        "117",
        "118",
        "121",
        "200",
        "215",
        "219"
      ],
      "training_time_minutes": 20.28963326215744,
      "metrics": {
        "accuracy": 0.7080443828016644,
        "balanced_accuracy": 0.6094850402111754,
        "f1": 0.37444279346210996,
        "auc": 0.6364630735628581,
        "sensitivity": 0.23782559456398641,
        "specificity": 0.9811444858583644
      },
      "confusion_matrix": [
        [
          4475,
          86
        ],
        [
          2019,
          630
        ]
      ]
    },
    {
      "fold": 5,
      "skipped": false,