{
  "model": "cnn",
  "total_training_time_minutes": 276.0628828843435,
  "n_patients": 48,
  "n_splits": 5,
  "completed_folds": 5,
  "skipped_folds": 0,
  "summary": {
    "accuracy": {
      "mean": 0.7200277392510401,
      "std": 0.07323366294850119,
      "values": [
        0.840499306518724,
        0.7366312220681153,
        0.6434119278779473,
        0.6432732316227462,
        0.7363230081676684
      ]
    },
    "balanced_accuracy": {
      "mean": 0.7324584353462931,
      "std": 0.0755254044881013,
      "values": [
        0.8477883195621883,
        0.7415742984206695,
        0.6160560774590014,
        0.7005575774189381,
        0.7563159038706684
      ]
    },
    "f1": {
      "mean": 0.6843267710513409,
      "std": 0.09904653451304696,
      "values": [
        0.8174603174603174,
        0.7004382120946538,
        0.5175455057234003,
        0.6537425955842757,
        0.7324472243940578
      ]
    },
    "precision": {
      "mean": 0.6162875093304406,
      "std": 0.08859265683494093,
      "values": [
        0.7591391509433962,
        0.6447241045498547,
        0.5382513661202186,
        0.5080560786775477,
        0.631266846361186
      ]
    },
    "recall": {
      "mean": 0.7878759593931066,
      "std": 0.1532780211239415,
      "values": [
        0.8854883081155434,
        0.7666922486569455,
        0.49837368991687747,
        0.9165722914307286,
        0.8722532588454376
      ]
    },
    "auc": {
      "mean": 0.7671076375185425,
      "std": 0.09008400581859219,
      "values": [
        0.903665452299145,
        0.7959300819104629,
        0.623001743727174,
        0.7492571855744482,
        0.7636837240814824
      ]
    },
    "sensitivity": {
      "mean": 0.7878759593931066,
      "std": 0.1532780211239415,
      "values": [
        0.8854883081155434,
        0.7666922486569455,
        0.49837368991687747,
        0.9165722914307286,
        0.8722532588454376
      ]
    },
    "specificity": {
      "mean": 0.6770409112994796,
      "std": 0.11033533650763619,
      "values": [
        0.8100883310088332,
        0.7164563481843935,
        0.7337384650011254,
        0.48454286340714753,
        0.6403785488958991
      ]
    }
  },
  "fold_details": [
    {
      "fold": 1,
      "skipped": false,
      "train_patients": [
        "100",
        "101",
        "102",
        "103",
        "104",
        "105",
        "106",
        "108",
        "109",
        "111",
        "113",
        "114",
        "115",
        "117",
        "118",
        "119",
        "121",
        "122",
        "124",
        "200",
        "201",
        "203",
        "205",
        "207",
        "208",
        "209",
        "210",
        "212",
        "213",
        "215",
        "217",
        "219",
        "220",
        "222",
        "230",
        "231",
        "232",
        "233"
      ],
      "test_patients": [
        "107",
        "112",
        "116",
        "123",
        "202",
        "214",
        "221",
        "223",
        "228",
        "234"
      ],
      "training_time_minutes": 42.174906969070435,
      "metrics": {
        "accuracy": 0.840499306518724,
        "balanced_accuracy": 0.8477883195621883,
        "f1": 0.8174603174603174,
        "auc": 0.903665452299145,
        "sensitivity": 0.8854883081155434,
        "specificity": 0.8100883310088332
      },
      "confusion_matrix": [
        [
          3485,
          817
        ],
        [
          333,
          2575
        ]
      ]
    },
    {
      "fold": 2,
      "skipped": false,
      "train_patients": [
        "100",
        "101",
        "102",
        "103",
        "104",
        "105",
        "106",
        "107",
        "108",
        "109",
        "111",
        "112",
        "113",
        "114",
        "115",
        "116",
        "117",
        "118",
        "119",
        "121",
        "123",
        "200",
        "202",
        "203",
        "205",
        "209",
        "210",
        "213",
        "214",
        "215",
        "217",
        "219",
        "221",
        "222",
        "223",
        "228",
        "230",
        "232",
        "234"
      ],
      "test_patients": [
        "122",
        "124",
        "201",
        "207",
        "208",
        "212",
        "220",
        "231",
        "233"
      ],
      "training_time_minutes": 114.4604143301646,
      "metrics": {
        "accuracy": 0.7366312220681153,
        "balanced_accuracy": 0.7415742984206695,
        "f1": 0.7004382120946538,
        "auc": 0.7959300819104629,
        "sensitivity": 0.7666922486569455,
        "specificity": 0.7164563481843935
      },
      "confusion_matrix": [
        [
          2782,
          1101
        ],
        [
          608,
          1998
        ]
      ]
    },
    {
      "fold": 3,
      "skipped": false,
      "train_patients": [
        "100",
        "101",
        "102",
        "103",
        "106",
        "107",
        "108",
        "109",
        "112",
        "115",
        "116",
        "117",
        "118",
        "119",
        "121",
        "122",
        "123",
        "124",
        "200",
        "201",
        "202",
        "203",
        "207",
        "208",
        "209",
        "212",
        "213",
        "214",
        "215",
        "217",
        "219",
        "220",
        "221",
        "223",
        "228",
        "231",
        "233",
        "234"
      ],
      "test_patients": [
        "104",
        "105",
        "111",
        "113",
        "114",
        "205",
        "210",
        "222",
        "230",
        "232"
      ],
      "training_time_minutes": 42.89928648869196,
      "metrics": {
        "accuracy": 0.6434119278779473,
        "balanced_accuracy": 0.6160560774590014,
        "f1": 0.5175455057234003,
        "auc": 0.623001743727174,
        "sensitivity": 0.49837368991687747,
        "specificity": 0.7337384650011254
      },
      "confusion_matrix": [
        [
          3260,
          1183
        ],
        [
          1388,
          1379
        ]
      ]
    },
    {
      "fold": 4,
      "skipped": false,
      "train_patients": [
        "100",
        "103",
        "104",
        "105",
        "107",
        "109",
        "111",
        "112",
        "113",
        "114",
        "115",
        "116",
        "119",
        "122",
        "123",
        "124",
        "201",
        "202",
        "203",
        "205",
        "207",
        "208",
        "209",
        "210",
        "212",
        "213",
        "214",
        "217",
        "220",
        "221",
        "222",
        "223",
        "228",
        "230",
        "231",
        "232",
        "233",
        "234"
      ],
      "test_patients": [
        "101",
        "102",
        "106",
        "108",
        "117",
        "118",
        "121",
        "200",
        "215",
        "219"
      ],
      "training_time_minutes": 38.80511613289515,
      "metrics": {
        "accuracy": 0.6432732316227462,
        "balanced_accuracy": 0.7005575774189381,
        "f1": 0.6537425955842757,
        "auc": 0.7492571855744482,
        "sensitivity": 0.9165722914307286,
        "specificity": 0.48454286340714753
      },
      "confusion_matrix": [
        [
          2210,
          2351
        ],
        [
          221,
          2428
        ]
      ]
    },
    {
      "fold": 5,
      "skipped": false,