{
  "model": "cnn_lstm",
  "total_training_time_minutes": 2200.7060346682865,
  "n_patients": 48,
  "n_splits": 5,
  "completed_folds": 5,
  "skipped_folds": 0,
  "summary": {
    "accuracy": {
      "mean": 0.7727415626444754,
      "std": 0.08853383714966648,
      "values": [
        0.8945908460471568,
        0.7162891046386192,
        0.8359223300970874,
        0.641747572815534,
        0.775157959623979
      ]
    },
    "balanced_accuracy": {
      "mean": 0.7759194699268425,
      "std": 0.07635253180329667,
      "values": [
        0.8905532086736152,
        0.7248926238287247,
        0.8068162675095644,
        0.6654860347411776,
        0.7918492148811307
      ]
    },
    "f1": {
      "mean": 0.737846747532904,
      "std": 0.08759706090773522,
      "values": [
        0.8693709178411826,
        0.685137677441423,
        0.7612512613521695,
        0.6076257025672186,
        0.7658481784625261
      ]
    },
    "precision": {
      "mean": 0.7060649899649072,
      "std": 0.14057669854010046,
      "values": [
        0.8690721649484536,
        0.6180191298981795,
        0.8619744058500914,
        0.5083884087442806,
        0.6728708403835307
      ]
    },
    "recall": {
      "mean": 0.7927055766976,
      "std": 0.07677574394234427,
      "values": [
        0.8696698762035764,
        0.7686108979278587,
        0.6816046259486809,
        0.7550018875047187,
        0.8886405959031657
      ]
    },
    "auc": {
      "mean": 0.8430763573978897,
      "std": 0.07859581711998244,
      "values": [
        0.9453067397077718,
        0.7385640992902728,
        0.8511377419200813,
        0.7715172434170945,
        0.9088559626542285
      ]
    },
    "sensitivity": {
      "mean": 0.7927055766976,
      "std": 0.07677574394234427,
      "values": [
        0.8696698762035764,
        0.7686108979278587,
        0.6816046259486809,
        0.7550018875047187,
        0.8886405959031657
      ]
    },
    "specificity": {
      "mean": 0.7591333631560849,
      "std": 0.13915517539824215,
      "values": [
        0.9114365411436541,
        0.6811743497295906,
        0.9320279090704479,
        0.5759701819776365,
        0.6950578338590957
      ]
    }
  },
  "fold_details": [
    {
      "fold": 1,
      "skipped": false,
      "train_patients": [
        "100",
        "101",
        "102",
        "103",
        "104",
        "105",
        "106",
        "108",
        "109",
        "111",
        "113",
        "114",
        "115",
        "117",
        "118",
        "119",
        "121",
        "122",
        "124",
        "200",
        "201",
        "203",
        "205",
        "207",
        "208",
        "209",
        "210",
        "212",
        "213",
        "215",
        "217",
        "219",
        "220",
        "222",
        "230",
        "231",
        "232",
        "233"
      ],
      "test_patients": [
        "107",
        "112",
        "116",
        "123",
        "202",
        "214",
        "221",
        "223",
        "228",
        "234"
      ],
      "training_time_minutes": 242.53045233488083,
      "metrics": {
        "accuracy": 0.8945908460471568,
        "balanced_accuracy": 0.8905532086736152,
        "f1": 0.8693709178411826,
        "auc": 0.9453067397077718,
        "sensitivity": 0.8696698762035764,
        "specificity": 0.9114365411436541
      },
      "confusion_matrix": [
        [
          3921,
          381
        ],
        [
          379,
          2529
        ]
      ]
    },
    {
      "fold": 2,
      "skipped": false,
      "train_patients": [
        "100",
        "101",
        "102",
        "103",
        "104",
        "105",
        "106",
        "107",
        "108",
        "109",
        "111",
        "112",
        "113",
        "114",
        "115",
        "116",
        "117",
        "118",
        "119",
        "121",
        "123",
        "200",
        "202",
        "203",
        "205",
        "209",
        "210",
        "213",
        "214",
        "215",
        "217",
        "219",
        "221",
        "222",
        "223",
        "228",
        "230",
        "232",
        "234"
      ],
      "test_patients": [
        "122",
        "124",
        "201",
        "207",
        "208",
        "212",
        "220",
        "231",
        "233"
      ],
      "training_time_minutes": 519.8457340796789,
      "metrics": {
        "accuracy": 0.7162891046386192,
        "balanced_accuracy": 0.7248926238287247,
        "f1": 0.685137677441423,
        "auc": 0.7385640992902728,
        "sensitivity": 0.7686108979278587,
        "specificity": 0.6811743497295906
      },
      "confusion_matrix": [
        [
          2645,
          1238
        ],
        [
          603,
          2003
        ]
      ]
    },
    {
      "fold": 3,
      "skipped": false,
      "train_patients": [
        "100",
        "101",
        "102",
        "103",
        "106",
        "107",
        "108",
        "109",
        "112",
        "115",
        "116",
        "117",
        "118",
        "119",
        "121",
        "122",
        "123",
        "124",
        "200",
        "201",
        "202",
        "203",
        "207",
        "208",
        "209",
        "212",
        "213",
        "214",
        "215",
        "217",
        "219",
        "220",
        "221",
        "223",
        "228",
        "231",
        "233",
        "234"
      ],
      "test_patients": [
        "104",
        "105",
        "111",
        "113",
        "114",
        "205",
        "210",
        "222",
        "230",
        "232"
      ],
      "training_time_minutes": 489.3732327977816,
      "metrics": {
        "accuracy": 0.8359223300970874,
        "balanced_accuracy": 0.8068162675095644,
        "f1": 0.7612512613521695,
        "auc": 0.8511377419200813,
        "sensitivity": 0.6816046259486809,
        "specificity": 0.9320279090704479
      },
      "confusion_matrix": [
        [
          4141,
          302
        ],
        [
          881,
          1886
        ]
      ]
    },
    {
      "fold": 4,
      "skipped": false,
      "train_patients": [
        "100",
        "103",
        "104",
        "105",
        "107",
        "109",
        "111",
        "112",
        "113",
        "114",
        "115",
        "116",
        "119",
        "122",
        "123",
        "124",
        "201",
        "202",
        "203",
        "205",
        "207",
        "208",
        "209",
        "210",
        "212",
        "213",
        "214",
        "217",
        "220",
        "221",
        "222",
        "223",
        "228",
        "230",
        "231",
        "232",
        "233",
        "234"
      ],
      "test_patients": [
        "101",
        "102",
        "106",
        "108",
        "117",
        "118",
        "121",
        "200",
        "215",
        "219"
      ],
      "training_time_minutes": 537.1329668164253,
      "metrics": {
        "accuracy": 0.641747572815534,
        "balanced_accuracy": 0.6654860347411776,
        "f1": 0.6076257025672186,
        "auc": 0.7715172434170945,
        "sensitivity": 0.7550018875047187,
        "specificity": 0.5759701819776365
      },
      "confusion_matrix": [
        [
          2627,
          1934
        ],
        [
          649,
          2000
        ]
      ]
    },
    {
      "fold": 5,
      "skipped": false,